nameJp,nameJpS,countryCode,countryCodeThreeLetter,regionCode,capitalJp,secondCapitalJp,isIsland,lat,lon,landLocked,nameJpB,nameJpBAbbr,population,borders.0,borders.1,borders.2,borders.3,borders.4,borders.5,borders.6,borders.7,borders.8,borders.9,borders.10,borders.11,borders.12,borders.13,borders.14,regionalBlocks.0,regionalBlocks.1,regionalBlocks.2,area
アブハジア自治共和国,アブハジア,AB,ABK,Asia,スフミ,,false,43.003333,41.015278,,,,243564,RUS,GE,,,,,,,,,,,,,,,,,8660
アフガニスタン・イスラム共和国,アフガニスタン,AF,AFG,Asia,カブール,カンダハール,false,34.528455,69.1717029,Single,亜加業坦,,27657145,IRN,PK,TM,UZ,TJ,CN,,,,,,,,,,UN,SAARC,,652864
アンゴラ共和国,アンゴラ,AO,AGO,Europe,ルアンダ,ウアンボ,false,-8.8383333,13.2344444,,安哥拉,,25868000,COG,CD,ZM,NA,,,,,,,,,,,,UN,AU,,1246700
アルバニア共和国,アルバニア,AL,ALB,Europe,ティラナ,ドゥラス,false,41.33165,19.8318,,阿爾巴尼亜,,2886026,MNE,GR,MK,KS,,,,,,,,,,,,UN,CEFTA,,28748
アンドラ公国,アンドラ,AD,AND,Europe,アンドララベラ,,false,42.4919826,1.5111806,Single,安徳爾拉,,78014,FRA,ES,,,,,,,,,,,,,,UN,,,468
アラブ首長国連邦,アラブ首長国連邦,AE,ARE,Asia,アブダビ,,false,24.4666667,54.3666667,,阿拉伯首長国連邦,,9856000,OMN,SA,,,,,,,,,,,,,,UN,AL,,83600
アルゼンチン共和国,アルゼンチン,AR,ARG,SouthAmerica,ブエノスアイレス,コルドバ,false,-34.6037232,-58.3815931,,亜爾然丁,亜,43590400,BOL,BR,CL,PY,UY,,,,,,,,,,,UN,USAN,,2780400
アルメニア共和国,アルメニア,AM,ARM,Europe,エレバン,ギュムリ,false,40.183333,44.516667,Single,亜爾美尼亜,,2994400,AZE,GE,IR,TR,,,,,,,,,,,,UN,EEU,,29743
アンティグア・バーブーダ,アンティグア・バーブーダ,AG,ATG,NorthAmerica,セントジョンズ,,true,17.117528,-61.845557,,安提瓜和巴布達,,86295,,,,,,,,,,,,,,,,UN,CARICOM,,442
オーストラリア連邦,オーストラリア,AU,AUS,Oceania,キャンベラ,メルボルン,false,-35.3082355,149.1242241,,豪太剌利,豪,24117360,,,,,,,,,,,,,,,,UN,,,7692024
オーストリア共和国,オーストリア,AT,AUT,Europe,ウィーン,グラーツ,false,48.2081743,16.3738189,Single,墺太利,墺,8725931,CZE,DE,HU,IT,LI,SK,SI,CH,,,,,,,,UN,EU,,83871
アゼルバイジャン共和国,アゼルバイジャン,AZ,AZE,Asia,バクー,ギャンジャ,false,40.4349504,49.8676232,,亜塞爾拝然,,9730500,ARM,GE,IR,RU,TR,,,,,,,,,,,UN,,,86600
ブルンジ共和国,ブルンジ,BI,BDI,Africa,ブシュンブラ,ギテガ,false,-3.376217,29.359349,Single,布隆迪,,10114505,COD,RW,TZ,,,,,,,,,,,,,UN,AU,,27834
ベルギー王国,ベルギー,BE,BEL,Europe,ブリュッセル,アントウェルペン,false,50.8503396,4.3517103,Sub,白耳義,白,11319511,FRA,DE,LU,NL,,,,,,,,,,,,UN,EU,,30528
ベナン共和国,ベナン,BJ,BEN,Africa,ポルトノボ,,false,6.478353,2.632503,,貝南,,10653654,BFA,NE,NG,TG,,,,,,,,,,,,UN,AU,,114763
ブルキナファソ,ブルキナファソ,BF,BFA,Africa,ワガドゥグー,ボボ・ディウラッソ,false,12.364637,-1.5338639,Single,布基納法索,,19034397,BEN,CI,GH,ML,NE,TG,,,,,,,,,,UN,AU,,272967
バングラデシュ人民共和国,バングラデシュ,BD,BGD,Asia,ダッカ,チッタゴン,false,23.709921,90.407143,,孟加拉,,161006790,MMR,IN,,,,,,,,,,,,,,UN,SAARC,,147570
ブルガリア共和国,ブルガリア,BG,BGR,Europe,ソフィア,プロヴディフ,false,42.6978388,23.3216697,,勃牙利,勃,7153784,GRC,MK,RO,RS,TR,,,,,,,,,,,UN,EU,,110879
バーレーン王国,バーレーン,BH,BHR,Asia,マナーマ,ムハッラク,true,26.2166667,50.5833333,,巴林,,1404900,,,,,,,,,,,,,,,,UN,AL,,758
バハマ国,バハマ,BS,BHS,NorthAmerica,ナッソー,フリーポート,true,25.06,-77.345,,巴哈麻,,378040,,,,,,,,,,,,,,,,UN,CARICOM,,13943
ボスニア・ヘルツェゴビナ,ボスニア・ヘルツェゴビナ,BA,BIH,Europe,サラエボ,バニャ・ルカ,false,43.8562586,18.4130763,Sub,波斯尼亜塞哥維那,,3531159,HRV,ME,RS,,,,,,,,,,,,,UN,CEFTA,,51209
ベラルーシ共和国,ベラルーシ,BY,BLR,Europe,ミンスク,ホメリ,false,53.9,27.5666667,Single,白露西亜,,9498700,LVA,LT,PL,RU,UA,,,,,,,,,,,UN,EEU,,207600
ベリーズ,ベリーズ,BZ,BLZ,NorthAmerica,ベルモパン,オレンジウォーク,false,17.2513889,-88.7669444,,百里斯,,370300,GTM,MX,,,,,,,,,,,,,,UN,CARICOM,CAIS,22966
ボリビア多民族国,ボリビア,BO,BOL,SouthAmerica,ラパス,サンタ・クルス・デ・ラ・シエラ,false,-16.4990099,-68.146248,Single,玻里非,波,10985059,ARG,BR,CL,PY,PE,,,,,,,,,,,UN,USAN,,1098581
ブラジル連邦共和国,ブラジル,BR,BRA,SouthAmerica,ブラジリア,リオデジャネイロ,false,-15.7801482,-47.9291698,,伯剌西爾,伯,206135893,ARG,BO,CO,,GY,PY,PE,SR,UY,VE,,,,,,UN,USAN,,8514877
バルバドス,バルバドス,BB,BRB,NorthAmerica,ブリッジタウン,,true,13.098938,-59.613352,,巴巴突,,285000,,,,,,,,,,,,,,,,UN,CARICOM,,430
ブルネイ・ダルサラーム国,ブルネイ,BN,BRN,Asia,バンダルスリブガワン,クアラブライト,true,4.8902778,114.9422222,,文莱,,411900,MYS,,,,,,,,,,,,,,,UN,ASEAN,,5765
ブータン王国,ブータン,BT,BTN,Asia,ティンプー,パロ,false,27.44261,89.667328,Single,不丹,,775620,CHN,IN,,,,,,,,,,,,,,UN,SAARC,,38394
ボツワナ共和国,ボツワナ,BW,BWA,Africa,ハボローネ,フランシスタウン,false,-24.65411,25.908739,Single,博茨瓦納,,2141206,NAM,ZA,ZM,ZW,,,,,,,,,,,,UN,AU,,582000
中央アフリカ共和国,中央アフリカ,CF,CAF,Africa,バンギ,ベルベラティ,false,4.361698,18.555975,,中央阿弗利加,,4998000,CMR,TD,CD,CG,SS,SD,,,,,,,,,,UN,AU,,622984
カナダ,カナダ,CA,CAN,NorthAmerica,オタワ,モントリオール,false,45.4215296,-75.6971931,,加奈陀,加,36155487,USA,,,,,,,,,,,,,,,UN,NAFTA,,9984670
スイス連邦,スイス,CH,CHE,Europe,ベルン,ジュネーヴ,false,46.9479222,7.4446085,Single,瑞西,瑞,8341600,AUT,FR,IT,LI,DE,,,,,,,,,,,UN,EFTA,,41285
チリ共和国,チリ,CL,CHL,SouthAmerica,サンティアゴ,コンセプシオン,false,-33.4691199,-70.641997,,智利,智,18191900,ARG,BO,PE,,,,,,,,,,,,,UN,PA,USAN,756102
中華人民共和国,中国,CN,CHN,Asia,北京,,false,39.90403,116.407526,,,,1377422166,AFG,BT,MM,,IN,KZ,KP,KG,LA,,MN,PK,RU,TJ,VN,UN,,,9572900
コートジボワール共和国,コートジボワール,CI,CIV,Africa,ヤムスクロ,ブアケ,false,6.8166667,-5.2833333,,象牙海岸,,22671331,BFA,GH,GN,LR,ML,,,,,,,,,,,UN,AU,,322463
カメルーン共和国,カメルーン,CM,CMR,Africa,ヤウンデ,ドゥアラ,false,3.8666667,11.5166667,,喀麦隆,,22709892,CAF,TD,CG,GQ,GA,NG,,,,,,,,,,UN,AU,,475650
コンゴ民主共和国,コンゴ民主共和国,CD,COD,Africa,キンシャサ,ルブンバシ,false,-4.3316667,15.3138889,Sub,公果,公,85026000,AGO,BI,CF,CG,RW,SS,TZ,UG,ZM,,,,,,,UN,AU,,2344858
コンゴ共和国,コンゴ共和国,CG,COG,Africa,ブラザビル,ポワントノワール,false,-4.2666667,15.2833333,Sub,公果,公,4741000,AGO,CM,CF,CD,GA,,,,,,,,,,,UN,AU,,342000
クック諸島,クック諸島,CK,COK,Oceania,アバルア,,true,-21.20393,-159.765793,,,,18100,,,,,,,,,,,,,,,,,,,236
コロンビア共和国,コロンビア,CO,COL,SouthAmerica,ボゴタ,メデジン,false,4.5980556,-74.0758333,,哥倫比亜,,48759958,BRA,EC,PA,PE,VE,,,,,,,,,,,UN,PA,USAN,1141748
コモロ連合,コモロ,KM,COM,Africa,モロニ,ムツァムドゥ,true,-11.7012319,43.252927,,科摩羅,,806153,,,,,,,,,,,,,,,,UN,AU,AL,1862
カーボヴェルデ共和国,カーボヴェルデ,CV,CPV,Africa,プライア,ミンデロ,true,14.930464,-23.512669,,佛得角,,531239,,,,,,,,,,,,,,,,UN,AU,,4033
コスタリカ共和国,コスタリカ,CR,CRI,NorthAmerica,サンホセ,カルタゴ,false,9.927128,-84.082012,,哥斯達黎加,,4890379,NIC,PA,,,,,,,,,,,,,,UN,CAIS,,51100
キューバ共和国,キューバ,CU,CUB,NorthAmerica,ハバナ,サンティアーゴ・デ・クーバ,true,23.1168,-82.388557,,玖馬,,11239004,,,,,,,,,,,,,,,,UN,,,109884
キプロス共和国,キプロス,CY,CYP,Europe,ニコシア,リマソール,true,35.1666667,33.3666667,,居比路,,847000,GBR,,,,,,,,,,,,,,,UN,EU,,9251
チェコ共和国,チェコ,CZ,CZE,Europe,プラハ,ブルノ,false,50.0755381,14.4378005,Single,捷克,,10558524,AUT,DE,PL,SK,,,,,,,,,,,,UN,EU,,78865
ドイツ連邦共和国,ドイツ,DE,DEU,Europe,ベルリン,ハンブルク,false,52.519171,13.4060912,,独逸,独,81770900,AUT,BE,CZ,DK,FR,LU,NL,PL,CH,,,,,,,UN,EU,,357121
ジブチ共和国,ジブチ,DJ,DJI,Africa,ジブチ,アリ・サビエ,false,11.825138,42.590275,,吉布提,,900000,ERI,ET,SO,,,,,,,,,,,,,UN,AU,AL,23200
ドミニカ国,ドミニカ国,DM,DMA,NorthAmerica,ロゾー,,true,15.304193,-61.384225,,土弥尼加,,71293,,,,,,,,,,,,,,,,UN,,,751
沿ドニエストル共和国,沿ドニエストル,DN,,Europe,ティラスポリ,,false,46.840278,29.643333,,,,71293,,,,,,,,,,,,,,,,,,,4163
デンマーク王国,デンマーク,DK,DNK,Europe,コペンハーゲン,オーフス,false,55.6760968,12.5683371,,丁抹,丁,5717014,DEU,,,,,,,,,,,,,,,UN,EU,,43094
ドミニカ共和国,ドミニカ共和国,DO,DOM,NorthAmerica,サントドミンゴ,サンティアゴ・デ・ロス・カバリェロス,true,18.5,-69.9833333,,多米尼加,,10075045,HTI,,,,,,,,,,,,,,,UN,CARICOM,CAIS,48671
アルジェリア民主人民共和国,アルジェリア,DZ,DZA,Africa,アルジェ,オラン,false,36.752887,3.042048,,阿爾及,,40400000,TUN,LY,NE,EH,MR,ML,MA,,,,,,,,,UN,AU,AL,2381741
エクアドル共和国,エクアドル,EC,ECU,SouthAmerica,キト,,false,-0.2166667,-78.5166667,,厄瓜多,,16545799,COL,PE,,,,,,,,,,,,,,UN,USAN,,256369
エジプト・アラブ共和国,エジプト,EG,EGY,Africa,カイロ,アレクサンドリア,false,30.0444196,31.2357116,,埃及,埃,91290000,ISR,LY,SD,,,,,,,,,,,,,UN,AU,AL,1001450
エリトリア国,エリトリア,ER,ERI,Africa,アスマラ,アッサブ,false,15.33236,38.92617,,厄利垂亜,,5352000,DJI,ET,SD,,,,,,,,,,,,,UN,AU,,117600
サハラ・アラブ民主共和国,サハラ・アラブ民主共和国,EH,ESH,Africa,ティンドゥフ,,false,27.675278,-8.128611,,,,510713,DZA,MR,MA,,,,,,,,,,,,,,AU,,82500
スペイン,スペイン,ES,ESP,Europe,マドリード,バルセロナ,false,40.4167754,-3.7037902,,西班牙,西,46438422,AND,FR,,PT,MA,,,,,,,,,,,UN,EU,,505992
エストニア共和国,エストニア,EE,EST,Europe,タリン,タルトゥ,false,59.4369608,24.7535746,,愛沙尼亜,,1315944,LVA,RU,,,,,,,,,,,,,,UN,EU,,45227
エチオピア連邦民主共和国,エチオピア,ET,ETH,Africa,アディスアベバ,ディレ・ダワ,false,9.022736,38.746799,Single,越智阿皮亜,,92206005,DJI,ER,KE,SO,SS,SD,,,,,,,,,,UN,AU,,1104300
フィンランド共和国,フィンランド,FI,FIN,Europe,ヘルシンキ,タンペレ,false,60.169845,24.9385508,,芬蘭,芬,5491817,NOR,SE,RU,,,,,,,,,,,,,UN,EU,,338431
フィジー共和国,フィジー,FJ,FJI,Oceania,スバ,ラウトカ,true,-18.1416,178.4419,,非支,,867000,,,,,,,,,,,,,,,,UN,,,18272
フランス共和国,フランス,FR,FRA,Europe,パリ,リヨン,false,48.856614,2.3522219,,仏蘭西,仏,66710000,AND,BE,DE,IT,LU,MC,ES,CH,,,,,,,,UN,EU,,551500
ミクロネシア連邦,ミクロネシア,FM,FSM,Oceania,パリキール,,true,6.9147118,158.1610274,,蜜克羅尼西亜,,102800,,,,,,,,,,,,,,,,UN,,,702
ガボン共和国,ガボン,GA,GAB,Africa,リーブルビル,ポールジャンティ,false,0.390841,9.453644,,加蓬,,1802278,CMR,CG,GQ,,,,,,,,,,,,,UN,AU,,267668
グレートブリテン・北アイルランド連合王国,イギリス,GB,GBR,Europe,ロンドン,,true,51.5112139,-0.1198244,,英吉利,英,65110000,IRL,,,,,,,,,,,,,,,UN,EU,,242495
ジョージア,ジョージア,GE,GEO,Europe,トビリシ,クタイシ,false,41.709981,44.792998,,具琉耳,,3720400,ARM,AZ,RU,TR,,,,,,,,,,,,UN,,,69700
ガーナ共和国,ガーナ,GH,GHA,Africa,アクラ,クマシ,false,5.5557169,-0.196306,,加納,,27670174,BFA,CI,TG,,,,,,,,,,,,,UN,AU,,238533
ギニア共和国,ギニア,GN,GIN,Africa,コナクリ,カンカン,false,9.537029,-13.67847,,幾内亜,,12947000,CIV,GW,LR,ML,SN,SL,,,,,,,,,,UN,AU,,245857
ガンビア共和国,ガンビア,GM,GMB,Africa,バンジュール,,false,13.4530556,-16.5775,,岡比亜,,1882450,SEN,,,,,,,,,,,,,,,UN,AU,,11295
ギニアビサウ共和国,ギニアビサウ,GW,GNB,Africa,ビサウ,バファタ,false,11.8666667,-15.6,,幾内亜比紹,,1547777,GIN,SN,,,,,,,,,,,,,,UN,AU,,36125
赤道ギニア共和国,赤道ギニア,GQ,GNQ,Africa,マラボ,バタ,false,3.75,8.7833333,,赤道幾内亜,,1222442,CMR,GA,,,,,,,,,,,,,,UN,AU,,28051
ギリシャ共和国,ギリシャ,GR,GRC,Europe,アテネ,テッサロニキ,false,37.9837155,23.7293097,,希臘,希,10858018,ALB,BG,TR,MK,,,,,,,,,,,,UN,EU,,131957
グレナダ,グレナダ,GD,GRD,SouthAmerica,セントジョージズ,,true,12.053532,-61.749684,,格林納達,,103328,,,,,,,,,,,,,,,,UN,CARICOM,,344
グアテマラ共和国,グアテマラ,GT,GTM,NorthAmerica,グアテマラシティ,ケツァルテナンゴ,false,14.624795,-90.532818,,瓜地馬拉,,16176133,BLZ,SV,HN,MX,,,,,,,,,,,,UN,CAIS,,108889
ガイアナ共和国,ガイアナ,GY,GUY,Africa,ジョージタウン,ニューアムステルダム,false,6.804611,-58.154831,,圭亜那,,746900,BRA,SR,VE,,,,,,,,,,,,,UN,CARICOM,USAN,214969
ホンジュラス共和国,ホンジュラス,HN,HND,NorthAmerica,テグシガルパ,サン・ペドロ・スーラ,false,14.0833,-87.2167,,閎都拉斯,,8576532,GTM,SV,NK,,,,,,,,,,,,,UN,CAIS,,112492
クロアチア共和国,クロアチア,HR,HRV,Europe,ザグレブ,スプリト,false,45.8130293,15.9778949,,哥羅西亜,,4190669,BIH,HU,ME,RS,SI,,,,,,,,,,,UN,EU,,56594
ハイチ共和国,ハイチ,HT,HTI,NorthAmerica,ポルトープランス,ゴナイーヴ,true,18.539269,-72.336408,,海地,,11078033,DOM,,,,,,,,,,,,,,,UN,CARICOM,,27750
ハンガリー共和国,ハンガリー,HU,HUN,Europe,ブダペスト,デブレツェン,false,47.497912,19.040235,Single,洪牙利,洪,9823000,AUT,HR,RO,RS,SK,SI,UA,,,,,,,,,UN,EU,,93027
インドネシア共和国,インドネシア,ID,IDN,Asia,ジャカルタ,スラバヤ,true,-6.211544,106.845172,,印度尼西亜,尼,258705000,TLS,MY,PG,,,,,,,,,,,,,UN,ASEAN,,1910931
インド共和国,インド,IN,IND,Asia,デリー,,false,28.635308,77.22496,,印度,印,1295210000,AFG,BD,BT,MM,CN,NP,PK,LK,,,,,,,,UN,SAARC,,3287263
アイルランド,アイルランド,IE,IRL,Europe,ダブリン,コーク,true,53.3498053,-6.2603097,,愛蘭,愛,6378000,GBR,,,,,,,,,,,,,,,UN,EU,,69825
イラン・イスラム共和国,イラン,IR,IRN,Asia,テヘラン,マシュハド,false,35.696216,51.422945,,伊朗,,79369900,AFG,AM,AZ,IQ,PK,TR,TM,,,,,,,,,UN,,,1628750
イラク共和国,イラク,IQ,IRQ,Asia,バグダッド,バスラ,false,33.325,44.422,Sub,伊拉克,,37883543,IRN,JO,KW,SA,SY,TR,,,,,,,,,,UN,AL,,435244
アイスランド共和国,アイスランド,IS,ISL,Europe,レイキャビク,アークレイリ,true,64.135338,-21.89521,,氷州,氷,334300,,,,,,,,,,,,,,,,UN,EFTA,,103000
イスラエル国,イスラエル,IL,ISR,Asia,エルサレム,テルアビブ,false,31.768319,35.21371,,以色列,,8527400,EGY,JO,LB,SY,,,,,,,,,,,,UN,,,22072
イタリア共和国,イタリア,IT,ITA,Europe,ローマ,ミラノ,false,41.8929163,12.4825199,,伊太利,伊,60665551,AUT,FR,SM,SI,CH,VA,,,,,,,,,,UN,EU,,301336
ジャマイカ,ジャマイカ,JM,JAM,NorthAmerica,キングストン,モンテゴ・ベイ,true,17.992731,-76.7920089,,牙買加,,2723246,,,,,,,,,,,,,,,,UN,CARICOM,,10991
ヨルダン・ハシミテ王国,ヨルダン,JO,JOR,Asia,アンマン,ザルカ,false,31.9565783,35.9456951,Sub,約旦,,9531712,IRQ,IL,SA,SY,,,,,,,,,,,,UN,AL,,89328
日本国,日本,JP,JPN,Asia,東京,大阪,true,35.689568,139.691717,,,,126960000,,,,,,,,,,,,,,,,UN,,,377972
カザフスタン共和国,カザフスタン,KZ,KAZ,Asia,アスタナ,,false,51.1666667,71.4333333,Single,香佐富斯坦,香,17753200,CHN,KG,RU,TM,UZ,,,,,,,,,,,UN,EEU,,2724900
ケニア共和国,ケニア,KE,KEN,Africa,ナイロビ,モンバサ,false,-1.2920659,36.8219462,,肯尼亜,,47251000,ETH,SO,SS,TZ,UG,,,,,,,,,,,UN,AU,,581313
キルギス共和国,キルギス,KG,KGZ,Asia,ビシュケク,オシ,false,42.870022,74.587883,Single,黠戞斯,,6047800,CHN,KZ,TJ,UZ,,,,,,,,,,,,UN,EEU,,199951
カンボジア王国,カンボジア,KH,KHM,Asia,プノンペン,バタンバン,false,11.558831,104.917445,,柬埔寨,,15626444,LAO,TH,VN,,,,,,,,,,,,,UN,ASEAN,,181035
キリバス共和国,キリバス,KI,KIR,Oceania,タラワ,,true,1.3290526,172.9790528,,基里巴斯,,113400,,,,,,,,,,,,,,,,UN,,,726
セントクリストファー・ネイビス連邦,セントキッツ,KN,KNA,NorthAmerica,バセテール,,true,17.3026058,-62.7176924,,聖基茨尼維斯,,46204,,,,,,,,,,,,,,,,UN,CARICOM,,261
コソボ共和国,コソボ,KS,,Africa,プリシュティナ,プリズレン,false,42.672421,21.164539,Single,科索伏,,50801405,PRK,,,,,,,,,,,,,,,,,,10887
大韓民国,韓国,KR,KOR,Asia,ソウル,釜山,false,37.566535,126.9779692,,,,50801405,PRK,,,,,,,,,,,,,,,UN,,,100033
クウェート国,クウェート,KW,KWT,Asia,クウェート,,false,29.3697222,47.9783333,,科威特,,4183658,IRN,SA,,,,,,,,,,,,,,UN,AL,,17818
ラオス人民民主共和国,ラオス,LA,LAO,Asia,ビエンチャン,ルアンパバーン,false,17.962769,102.614429,Single,老檛,老,6492400,MMR,KH,CN,TH,VN,,,,,,,,,,,UN,ASEAN,,236800
レバノン共和国,レバノン,LB,LBN,Asia,ベイルート,トリポリ,false,33.8886289,35.4954794,,黎巴嫩,,5988000,ISR,SY,,,,,,,,,,,,,,UN,AL,,10452
リベリア共和国,リベリア,LR,LBR,Africa,モンロビア,ブキャナン,false,6.300774,-10.79716,,里卑利亜,,4615000,GIN,CI,SL,,,,,,,,,,,,,UN,AU,,111369
リビア,リビア,LY,LBY,Africa,トリポリ,ベンガジ,false,32.876174,13.187507,,利比亜,,6385000,DZA,TD,EG,NE,SD,TN,,,,,,,,,,UN,AU,AL,1759540
セントルシア,セントルシア,LC,LCA,NorthAmerica,カストリーズ,,true,14.0101094,-60.9874687,,聖盧西亜,,186000,,,,,,,,,,,,,,,,UN,CARICOM,,539
リヒテンシュタイン公国,リヒテンシュタイン,LI,LIE,Europe,ファドーツ,,false,47.14137,9.5207,Double,利支敦士登,,37623,AUT,CH,,,,,,,,,,,,,,UN,EFTA,,160
スリランカ民主社会主義共和国,スリランカ,LK,LKA,Asia,スリジャヤワルダナプラコッテ,キャンディ,true,6.883201,79.906982,,斯里蘭,錫,20966000,IND,,,,,,,,,,,,,,,UN,SAARC,,65610
ソマリランド共和国,ソマリランド,LN,,Africa,ハルゲイサ,,false,9.5,44,,,,20966000,IND,,,,,,,,,,,,,,,,SAARC,,137600
レソト王国,レソト,LS,LSO,Africa,マセル,テヤテヤネング,false,-29.308319,27.4916,Single,莱索托,,1894194,ZAF,,,,,,,,,,,,,,,UN,AU,,30355
リトアニア共和国,リトアニア,LT,LTU,Europe,ビリニュス,カウナス,false,54.6871555,25.2796514,,里都亜尼亜,,2872294,BLR,LV,PL,RU,,,,,,,,,,,,UN,EU,,65300
ルクセンブルク大公国,ルクセンブルク,LU,LUX,Europe,ルクセンブルク,エシュ＝シュル＝アルゼット,false,49.611621,6.1319346,Single,盧森堡,,576200,BEL,FR,DE,,,,,,,,,,,,,UN,EU,,2586
ラトビア共和国,ラトビア,LV,LVA,Europe,リガ,ダウガフピルス,false,56.9496487,24.1051864,,拉脱維亜,良,1961600,BLR,EE,LT,RU,,,,,,,,,,,,UN,EU,,64562
モロッコ王国,モロッコ,MA,MAR,Africa,ラバト,カサブランカ,false,34.015049,-6.83272,,摩洛哥,,33337529,DZA,EH,ES,,,,,,,,,,,,,UN,AU,AL,446550
モナコ公国,モナコ,MC,MCO,Europe,モナコ,,false,43.7384176,7.4246158,,摩納哥,,38400,FRA,,,,,,,,,,,,,,,UN,,,1.95
モルドバ共和国,モルドバ,MD,MDA,Europe,キシニョフ,ティラスポリ,false,47.026859,28.841551,Single,摩爾多瓦,,3553100,ROU,UA,,,,,,,,,,,,,,UN,CEFTA,,33846
マダガスカル共和国,マダガスカル,MG,MDG,Africa,アンタナナリボ,トアマシナ,true,-18.914872,47.531612,,馬達加斯加,,22434363,,,,,,,,,,,,,,,,UN,AU,,587295
モルディブ共和国,モルディブ,MV,MDV,Asia,マレ,,true,4.174199,73.510915,,瑪勒代弗,,344023,,,,,,,,,,,,,,,,UN,SAARC,,300
メキシコ合衆国,メキシコ,MX,MEX,NorthAmerica,メキシコシティ,グアダラハラ,false,19.4326077,-99.133208,,墨西哥,墨,122273473,BLZ,GT,US,,,,,,,,,,,,,UN,PA,NAFTA,1964375
マーシャル諸島共和国,マーシャル諸島,MH,MHL,Oceania,マジュロ,,true,7.1429099,171.0395821,,麻紹耳,,54880,,,,,,,,,,,,,,,,UN,,,181
北マケドニア共和国,北マケドニア,MK,MKD,Europe,スコピエ,ビトラ,false,41.9973462,21.4279956,,馬基頓,,2058539,ALB,BG,GR,KS,RS,,,,,,,,,,,UN,CEFTA,,#N/A
マリ共和国,マリ,ML,MLI,Africa,バマコ,シカソ,false,12.65,-8,Single,麻里,,18135000,DZA,BF,GN,CI,MR,NE,SN,,,,,,,,,UN,AU,,1240192
マルタ共和国,マルタ,MT,MLT,Europe,バレッタ,,true,35.89779,14.514106,,摩爾太,,425384,,,,,,,,,,,,,,,,UN,EU,,316
ミャンマー連邦共和国,ミャンマー,MM,MMR,Asia,ネーピードー,マンダレー,false,19.750018,96.100449,,緬甸,緬,51419420,BGD,CN,IN,LA,TH,,,,,,,,,,,UN,ASEAN,,676578
モンテネグロ,モンテネグロ,ME,MNE,Europe,ポドゴリツァ,ニクシッチ,false,42.442575,19.268646,,黒山,,621810,ALB,BA,HR,KS,RS,,,,,,,,,,,UN,CEFTA,,13812
モンゴル国,モンゴル,MN,MNG,Asia,ウランバートル,ダルハン,false,47.921378,106.90554,Single,蒙古,蒙,3093100,CHN,RU,,,,,,,,,,,,,,UN,,,1564116
モザンビーク共和国,モザンビーク,MZ,MOZ,Africa,マプト,ベイラ,false,-25.9666667,32.5833333,,莫三鼻給,,26423700,MWI,ZA,SZ,TZ,ZM,ZW,,,,,,,,,,UN,AU,,801590
モーリタニア・イスラム共和国,モーリタニア,MR,MRT,Africa,ヌアクショット,ヌアディブ,false,18.0840609,-15.97842,,毛里塔尼亜,,3718678,DZA,ML,SN,EH,,,,,,,,,,,,UN,AU,AL,1030700
モーリシャス共和国,モーリシャス,MU,MUS,Africa,ポートルイス,ボーバッサン・ローズヒル,true,-20.165279,57.49638,,毛里西亜,,1262879,,,,,,,,,,,,,,,,UN,AU,,1969
マラウイ共和国,マラウイ,MW,MWI,Africa,リロングウェ,,false,-13.9833333,33.7833333,Single,馬拉維,,16832910,MOZ,TZ,ZM,,,,,,,,,,,,,UN,AU,,118484
マレーシア連邦,マレーシア,MY,MYS,Asia,クアラルンプール,ペナン,false,3.139003,101.686855,,馬来西亜,馬,31405416,BRN,ID,TH,,,,,,,,,,,,,UN,ASEAN,,330803
ナミビア共和国,ナミビア,NA,NAM,Africa,ウィントフック,ウォルビスベイ,false,-22.5589039,17.082481,,納米比亜,,2324388,AGO,BW,ZA,ZM,,,,,,,,,,,,UN,AU,,824268
北キプロス・トルコ共和国,北キプロス,NC,NCL,Asia,ニコシア,,false,35.166667,33.35,,,,268767,,,,,,,,,,,,,,,,,,,3355
ニジェール共和国,ニジェール,NE,NER,Africa,ニアメ,ザンデール,false,13.512668,2.112516,Single,尼日爾,,20715000,DZA,BJ,BF,TD,LY,ML,NG,,,,,,,,,UN,AU,,1267000
ナイジェリア連邦共和国,ナイジェリア,NG,NGA,Africa,アブジャ,イバダン,false,9.0666667,7.4833333,,尼日利亜,,186988000,BEN,CM,TD,NE,,,,,,,,,,,,UN,AU,,923768
ナゴルノ・カラバフ共和国,ナゴルノ・カラバフ共和国,NK,,Asia,ステパナケルト,,false,39.815278,46.751944,,,,6262703,CRI,HN,,,,,,,,,,,,,,,CAIS,,11458
ニカラグア共和国,ニカラグア,NI,NIC,NorthAmerica,マナグア,レオン,false,12.1363889,-86.2513889,,尼加拉瓜,,6262703,CRI,HN,,,,,,,,,,,,,,UN,CAIS,,130373
ニウエ,ニウエ,NU,NIU,Asia,アロフィ,,false,-19.055027,-169.921262,,丹上,,1470,,,,,,,,,,,,,,,,,,,260
オランダ王国,オランダ,NL,NLD,Europe,アムステルダム,ロッテルダム,false,52.3702157,4.8951679,,和蘭,蘭,17019800,BEL,DE,,,,,,,,,,,,,,UN,EU,,37354
ノルウェー王国,ノルウェー,NO,NOR,Europe,オスロ,ベルゲン,false,59.9138688,10.7522454,,諾威,諾,5223256,FIN,SE,RU,,,,,,,,,,,,,UN,EFTA,,323787
ネパール連邦民主共和国,ネパール,NP,NPL,Asia,カトマンズ,ポカラ,false,27.7,85.3333333,Single,尼波羅,,28431500,CHN,IN,,,,,,,,,,,,,,UN,SAARC,,147181
ナウル共和国,ナウル,NR,NRU,Asia,ヤレン,,true,-0.5477,166.920867,,瑙魯,,10084,,,,,,,,,,,,,,,,UN,,,21
ニュージーランド,ニュージーランド,NZ,NZL,Oceania,ウェリントン,,true,-41.2864603,174.776236,,新西蘭,新,4697854,,,,,,,,,,,,,,,,UN,,,270467
オマーン国,オマーン,OM,OMN,Asia,マスカット,サラーラ,false,23.61,58.54,,阿曼,,4420133,SAU,AE,YE,,,,,,,,,,,,,UN,AL,,309500
南オセチア共和国,南オセチア,OS,,Europe,ツヒンヴァリ,,false,42.233333,43.966667,,,,4420133,SAU,AE,YE,,,,,,,,,,,,,,AL,,3900
パキスタン・イスラム共和国,パキスタン,PK,PAK,Asia,イスラマバード,ラホール,false,33.718151,73.060547,,巴基斯坦,,194125062,AFG,CN,IN,IR,,,,,,,,,,,,UN,SAARC,,796095
パナマ共和国,パナマ,PA,PAN,NorthAmerica,パナマシティ,,false,8.9942689,-79.518792,,巴奈馬,巴,3814672,COL,CR,,,,,,,,,,,,,,UN,CAIS,,75417
ペルー共和国,ペルー,PE,PER,SouthAmerica,リマ,アレキパ,false,-12.0478158,-77.0622028,,秘露,秘,31488700,BOL,BR,CL,CO,EC,,,,,,,,,,,UN,PA,USAN,1285216
フィリピン共和国,フィリピン,PH,PHL,Asia,マニラ,ケソン,true,14.5995124,120.9842195,,比律賓,比,103279800,,,,,,,,,,,,,,,,UN,ASEAN,,300000
パラオ共和国,パラオ,PW,PLW,Oceania,マルキョク,,true,7.500795,134.618708,,巴楼,,17950,,,,,,,,,,,,,,,,UN,,,459
パプアニューギニア独立国,パプアニューギニア,PG,PNG,Oceania,ポートモレスビー,ラエ,true,-9.481553,147.190242,,巴布亜新几内亜,,8083700,IDN,,,,,,,,,,,,,,,UN,,,462840
ポーランド共和国,ポーランド,PL,POL,Europe,ワルシャワ,ウッチ,false,52.2296756,21.0122287,,波蘭,波,38437239,BLR,CZ,DE,LT,RU,SK,UA,,,,,,,,,UN,EU,,311888
朝鮮民主主義人民共和国,北朝鮮,KP,PRK,Asia,ピョンヤン,咸興,false,39.031859,125.753765,,,,25281000,CHN,KR,RU,,,,,,,,,,,,,UN,,,120538
ポルトガル共和国,ポルトガル,PT,PRT,Europe,リスボン,ポルト,false,38.7252993,-9.1500364,,葡萄牙,葡,10374822,ESP,,,,,,,,,,,,,,,UN,EU,,92212
パラグアイ共和国,パラグアイ,PY,PRY,SouthAmerica,アスンシオン,シウダー・デル・エステ,false,-25.2821972,-57.6351,Single,巴拉圭,,6854536,ARG,BO,BR,,,,,,,,,,,,,UN,USAN,,406752
パレスチナ国,パレスチナ,PS,PSE,Asia,東エルサレム,,false,31.9521,35.2331,,巴勒斯旦,,4682467,ISR,EG,JO,,,,,,,,,,,,,,AL,,6020
カタール国,カタール,QA,QAT,Asia,ドーハ,アル・ホール,false,25.280282,51.522476,,華太瑠,,2587564,SAU,,,,,,,,,,,,,,,UN,AL,,11607
ルーマニア,ルーマニア,RO,ROU,Europe,ブカレスト,ヤシ,false,44.4325,26.1038889,,羅馬尼亜,羅,19861408,BGR,HU,MD,RS,UA,,,,,,,,,,,UN,EU,,238391
ロシア連邦,ロシア,RU,RUS,Europe,モスクワ,サンクトペテルブルク,false,55.7512419,37.6184217,,露西亜,露,146599183,AZE,BY,CN,EE,FI,GE,KZ,KP,LV,LT,MN,NO,PL,UA,,UN,EEU,,17098242
ルワンダ共和国,ルワンダ,RW,RWA,Africa,キガリ,ブタレ,false,-1.950106,30.058769,Single,盧旺達,,11553188,BDI,CD,TZ,UG,,,,,,,,,,,,UN,AU,,26340
サウジアラビア王国,サウジアラビア,SA,SAU,Asia,リヤド,ジッダ,false,24.7116667,46.7241667,,沙特阿拉伯,沙,32248200,IRQ,JO,KW,OM,QA,AE,YE,,,,,,,,,UN,AL,,2149690
スーダン共和国,スーダン,SD,SDN,Africa,ハルツーム,オムドゥルマン,false,15.550101,32.532241,,蘇丹,,39598700,CAF,TD,EG,ER,ET,LY,SS,,,,,,,,,UN,AU,AL,1861484
セネガル共和国,セネガル,SN,SEN,Africa,ダカール,トゥーバ,false,14.7645042,-17.3660286,,塞内加爾,,14799859,GMB,GN,GW,ML,MR,,,,,,,,,,,UN,AU,,196712
シンガポール共和国,シンガポール,SG,SGP,Asia,シンガポール,,true,1.2800945,103.8509491,,新嘉坡,星,5535000,,,,,,,,,,,,,,,,UN,ASEAN,,714
ソロモン諸島,ソロモン諸島,SB,SLB,Oceania,ホニアラ,,true,-9.430384,159.9483229,,撒羅蒙,,642000,,,,,,,,,,,,,,,,UN,,,28896
シエラレオネ共和国,シエラレオネ,SL,SLE,Africa,フリータウン,ボー,false,8.484146,-13.22867,,塞拉勒窩内,,7075641,GIN,LR,,,,,,,,,,,,,,UN,AU,,72300
エルサルバドル共和国,エルサルバドル,SV,SLV,NorthAmerica,サンサルバドル,サンタ・アナ,false,13.706881,-89.20181,,薩爾瓦多,,6520675,GTM,HN,,,,,,,,,,,,,,UN,CAIS,,21041
サンマリノ共和国,サンマリノ,SM,SMR,Europe,サンマリノ,,false,43.94236,12.457777,Single,聖馬力諾,,33005,ITA,,,,,,,,,,,,,,,UN,,,61
ソマリア民主共和国,ソマリア,SO,SOM,Africa,モガディシオ,ハルゲイサ,false,2.0333333,45.35,,索謀利,,11079000,DJI,ET,KE,,,,,,,,,,,,,UN,AU,AL,637657
セルビア共和国,セルビア,RS,SRB,Europe,ベオグラード,ノヴィ・サド,false,44.8205556,20.4622222,Single,塞爾維亜,,7076372,BIH,BG,HR,HU,KS,MK,ME,RO,,,,,,,,UN,CEFTA,,88361
南スーダン共和国,南スーダン,SS,SSD,Africa,ジュバ,マラカル,false,4.85,31.6,Single,南蘇丹,,12131000,CAF,CD,ET,KE,SD,UG,,,,,,,,,,UN,AU,,644329
サントメ・プリンシペ民主共和国,サントメ・プリンシペ,ST,STP,Africa,サントメ,サント・アマーロ,true,0.336767,6.727799,,聖多美普林西比,,187356,,,,,,,,,,,,,,,,UN,AU,,964
スリナム共和国,スリナム,SR,SUR,SouthAmerica,パラマリボ,,false,5.823201,-55.16788,,蘇里南,,541638,BRA,,FR,GY,,,,,,,,,,,,UN,CARICOM,USAN,163820
スロバキア共和国,スロバキア,SK,SVK,Europe,ブラチスラバ,コシツェ,false,48.1458923,17.1071373,Single,斯洛伐克,,5426252,AUT,CZ,HU,PL,UA,,,,,,,,,,,UN,EU,,49036
スロベニア共和国,スロベニア,SI,SVN,Europe,リュブリャナ,マリボル,false,46.0564509,14.5080702,Sub,斯洛文尼亜,,2064188,AUT,HR,IT,HU,,,,,,,,,,,,UN,EU,,20273
スウェーデン王国,スウェーデン,SE,SWE,Europe,ストックホルム,ヨーテボリ,false,59.32893,18.06491,,瑞典,瑞,9894888,FIN,NO,,,,,,,,,,,,,,UN,EU,,450295
エスワティニ王国,エスワティニ,SZ,SWZ,Africa,ムババーネ,マンジニ,false,-26.318689,31.1437,Single,斯威士蘭,,1132657,MOZ,ZA,,,,,,,,,,,,,,UN,AU,,#N/A
セーシェル共和国,セーシェル,SC,SYC,Africa,ビクトリア,,true,-4.619143,55.4513149,,塞設勒,,91400,,,,,,,,,,,,,,,,UN,AU,,452
シリア・アラブ共和国,シリア,SY,SYR,Asia,ダマスカス,アレッポ,false,33.5111,36.3064,,叙利亜,叙,18564000,IRQ,IL,JO,LB,TR,,,,,,,,,,,UN,AL,,185180
チャド共和国,チャド,TD,TCD,Africa,ウンジャメナ,ムンドゥ,false,12.104797,15.044506,Single,差徳,,14497000,CMR,CF,LY,NE,NG,SS,,,,,,,,,,UN,AU,,1284000
トーゴ共和国,トーゴ,TG,TGO,Africa,ロメ,ソコデ,false,6.1377778,1.2125,Sub,多哥,,7143000,BEN,BF,GH,,,,,,,,,,,,,UN,AU,,56785
タイ王国,タイ,TH,THA,Asia,バンコク,チエンマイ,false,13.7278956,100.5241235,,泰,泰,65327652,MMR,KH,LA,MY,,,,,,,,,,,,UN,ASEAN,,513120
タジキスタン共和国,タジキスタン,TJ,TJK,Asia,ドゥシャンベ,ホジェンド,false,38.5366667,68.78,Single,塔吉克斯坦,塔,8593600,AFG,CN,KG,UZ,,,,,,,,,,,,UN,,,143100
トルクメニスタン,トルクメニスタン,TM,TKM,Asia,アシガバット,テュルクメナバート,false,37.9333333,58.3666667,Single,土庫曼斯坦,,4751120,AFG,IR,KZ,UZ,,,,,,,,,,,,UN,,,488100
東ティモール民主共和国,東ティモール,TL,TLS,Oceania,ディリ,,true,-8.558458,125.578151,,東的木児,,1167242,IDN,,,,,,,,,,,,,,,UN,,,14919
トンガ王国,トンガ,TO,TON,Oceania,ヌクアロファ,,true,-21.1333333,-175.2,,東加,,103252,,,,,,,,,,,,,,,,UN,,,747
トリニダード・トバゴ共和国,トリニダード・トバゴ,TT,TTO,SouthAmerica,ポートオブスペイン,サンフェルナンド,true,10.6666667,-61.5166667,,特立尼達和多巴哥,,1349667,,,,,,,,,,,,,,,,UN,CARICOM,,5130
チュニジア共和国,チュニジア,TN,TUN,Africa,チュニス,スファックス,false,36.81881,10.16596,,突尼斯,突,11154400,DZA,LY,,,,,,,,,,,,,,UN,AU,AL,163610
トルコ共和国,トルコ,TR,TUR,Europe,アンカラ,,false,39.92077,32.85411,,土耳古,土,78741053,ARM,AZ,BG,GE,GR,IR,IQ,SY,,,,,,,,UN,,,783562
ツバル,ツバル,TV,TUV,Oceania,フナフティ,,true,-8.5259606,179.1955922,,挨里西,,10640,,,,,,,,,,,,,,,,UN,,,26
中華民国,台湾,TW,TWN,Asia,台北,高雄,false,25.091075,121.5598345,,,,23503349,,,,,,,,,,,,,,,,,,,36188
タンザニア連合共和国,タンザニア,TZ,TZA,Africa,ドドマ,ムワンザ,false,-6.1730556,35.7419444,,坦桑尼亜,,55155000,BDI,CD,KE,MW,MZ,RW,UG,ZM,,,,,,,,UN,AU,,945087
ウガンダ共和国,ウガンダ,UG,UGA,Africa,カンパラ,キラ,false,0.3136111,32.5811111,Single,烏干達,,33860700,COD,KE,RW,SS,TZ,,,,,,,,,,,UN,AU,,241550
ウクライナ,ウクライナ,UA,UKR,Europe,キエフ,ハルキウ,false,50.4501,30.5234,,烏克蘭,烏,42692393,BLR,HU,MD,PL,RO,RU,SK,,,,,,,,,UN,,,603500
ウルグアイ東方共和国,ウルグアイ,UY,URY,SouthAmerica,モンテビデオ,サルト,false,-34.8836111,-56.1819444,,烏拉乖,,3480222,ARG,BR,,,,,,,,,,,,,,UN,USAN,,176215
アメリカ合衆国,アメリカ,US,USA,NorthAmerica,ワシントンD.C.,ロサンゼルス,false,38.8951118,-77.0363658,,亜米利加,米,323947000,CAN,MX,,,,,,,,,,,,,,UN,NAFTA,,9525067
ウズベキスタン共和国,ウズベキスタン,UZ,UZB,Asia,タシケント,サマルカンド,false,41.2666667,69.2166667,Double,月即別,,31576400,AFG,KZ,KG,TJ,TM,,,,,,,,,,,UN,,,449000
バチカン市国,バチカン市国,VA,VAT,Europe,バチカン,,false,41.902916,12.453389,Single,法迪坎,,451,ITA,,,,,,,,,,,,,,,,,,0.44
セントビンセント・グレナディーン諸島,セントビンセント・グレナディーン,VC,VCT,SouthAmerica,キングスタウン,,true,13.155322,-61.224367,,聖文森特格林納丁,,109991,,,,,,,,,,,,,,,,UN,CARICOM,,389
ベネズエラ・ボリバル共和国,ベネズエラ,VE,VEN,SouthAmerica,カラカス,マラカイボ,false,10.491016,-66.902061,,委内瑞拉,委,31028700,BRA,CO,GY,,,,,,,,,,,,,UN,USAN,,912050
ベトナム社会主義共和国,ベトナム,VN,VNM,Asia,ハノイ,,false,21.0333333,105.85,,越南,越,92700000,KHM,CN,LA,,,,,,,,,,,,,UN,ASEAN,,330957
バヌアツ共和国,バヌアツ,VU,VUT,Oceania,ポートビラ,ルーガンビル,true,-17.734818,168.3220289,,新希比利的,,277500,,,,,,,,,,,,,,,,UN,,,12189
サモア独立国,サモア,WS,WSM,Oceania,アピア,,true,-13.8333333,-171.75,,撒摩阿,,194899,,,,,,,,,,,,,,,,UN,,,2842
イエメン共和国,イエメン,YE,YEM,Asia,サヌア,アデン,false,15.352029,44.207456,,也門,,27478000,OMN,SA,,,,,,,,,,,,,,UN,AL,,527968
南アフリカ共和国,南アフリカ,ZA,ZAF,Africa,プレトリア,ケープタウン,false,-25.73134,28.21837,,南阿弗利加,,55653654,BWA,LS,MZ,NA,SZ,ZW,,,,,,,,,,UN,AU,,1221037
ザンビア共和国,ザンビア,ZM,ZMB,Africa,ルサカ,ンドラ,false,-15.408193,28.287167,Single,山美亜,,15933883,AGO,BW,CD,MW,MZ,NA,TZ,ZW,,,,,,,,UN,AU,,752612
ジンバブエ共和国,ジンバブエ,ZW,ZWE,Africa,ハラレ,ブラワヨ,false,-17.82922,31.053961,,津巴布韋,,14240168,BWA,MZ,ZA,ZM,,,,,,,,,,,,UN,AU,,390757
